2d,9,2d
2d-game,5,
3d,10,3d
ab-testing,3,ab test
accelerometer,16,accelerometer
accessibility,9,
activemq,24,activemq
activity-lifecycle,10,
actuator,6,
adapter,55,adapter
adapters,4,
adb,7,
addon,7,addon
admob,4,admob
ads,5,ads
advertising,3,
aem,21,
aes,4,aes
aes-encryption,6,
agent-based-modeling,4,
aggregator,4,
agile,9,
agriculture,3,
aidl,4,aidl
airbnb,5,airbnb
ajax,40,ajax
akka,10,akka
akka-http,3,
alarm,11,alarm
alarm-clock,8,
alarmmanager,12,
album,8,album
alexa,13,alexa
alexa-skill,11,
alexa-skills-kit,3,
alfresco,4,alfresco
alipay,10,alipay
allure,7,
altbeacon,3,altbeacon
amap,3,amap
amazon,16,amazon
amazon-echo,3,
amazon-s3-storage,3,
amqp,11,amqp
analyzer,4,
andoid,3,
andoird,19,
andorid,9,
andriod,17,
andro,3,
androd,3,
android,5722,
android-animation,9,android animation
android-api,3,android api
android-app,453,android app
android-application,960,
android-apps,10,
android-architecture,56,android architecture
android-architecture-components,6,
android-basics,5,
android-basics-nanodegree,5,
android-beginners,3,
android-boilerplate,4,
android-camera,5,android camera
android-client,11,android client
android-dagger2,4,
android-data-binding,11,
android-databinding,7,android databinding
android-demo,13,
android-demonstration,4,
android-developer-nanodegree,14,
android-developers,3,
android-development,282,
android-device,6,
android-edittext,3,
android-example,4,
android-experiment,4,
android-facebook,7,android facebook
android-facebook-integration,7,
android-facebook-sdk,5,
android-firebase,4,
android-fragments,8,
android-framework,4,
android-game,33,android game
android-http,3,android http
android-http-client,5,
android-httpurlconnection,3,
android-keyboard,4,android keyboard
android-layout,9,android-layout
android-library,559,
android-libs,4,
android-listview,3,
android-log,3,android-log
android-login,4,android-login
android-maps,3,android-maps
android-mvp,14,android-mvp
android-mvp-architecture,6,
android-mvvm,4,
android-nanodegree,13,
android-networking,5,android-network
android-notification,3,android-notification
android-notifications,4,
android-o,9,
android-permissions,8,android-permission
android-picasso,3,
android-programming,14,
android-programming-tutorial,8,
android-recycler,3,android-recycler
android-recyclerview,7,
android-router,3,
android-sample,19,
android-sample-application,11,
android-sdk,50,
android-security,3,android-security
android-service,10,
android-smartphone,3,
android-source,3,
android-studio,356,android-studio
android-tests,4,
android-textview,6,
android-things,45,
android-tutorial,18,
android-tv,19,
android-ui,141,android-ui
android-utilities,3,
android-utils,3,
android-view,4,
android-volley,4,
android-wear,27,android-wear
android-wear-data-layer,3,
android-widget,16,
android-xml,3,android-xml
android-xml-layout,6,
android-xml-template,6,
androidannotations,3,
androidapp,7,
androidsdk,3,
androidstudio,61,
androidthings,17,
androidtv,4,
androidutils,8,
androidwear,5,
angular,44,angular
angular-2,4,
angular-cli,3,
angular-material,6,
angular2,38,
angular4,5,
angularjs,88,
animated-vector-drawables,9,
animation,139,animation
animation-library,7,
animations,21,
animator,7,
animatorset,3,
anime,9,
annotation,18,annotation
annotation-processing,10,
annotation-processor,18,
annotations,40,
anomaly-detection,7,anomaly-detection
anroid,3,
ant,10,ant
anticheat,7,
antlr,8,antlr
antlr4,12,
aop,27,aop
aosp,4,
apache-beam,3,
apache-camel,10,camel
apache-commons,6,
apache-cxf,3,cxf
apache-derby,3,derby
apache-drill,6,drill
apache-flink,4,flink
apache-httpcomponents,3,
apache-kafka,9,kafka
apache-maven,3,maven
apache-shiro,3,shiro
apache-spark,7,spark
apache-storm,6,storm
api-client,20,
api-gateway,10,
api-management,3,
api-rest,7,
api-server,6,
api-wrapper,5,
apk,23,
apk-signature-scheme-v2,3,
aplicativo,3,
apm,4,
apns,4,
app-development,3,
app-engine,3,
app-shortcuts,3,
appbarlayout,5,
appengine,7,
appengine-java,4,
appium,17,appium
appium-android,7,
appium-ios,4,
approximate-string-matching,3,
ar,3,
arangodb,5,
arc,5,
arcgis,3,
archetype,7,
architectural-patterns,3,
architecture,58,
arduino,49,arduino
arduino-uno,3,
argmented-reality,3,
argument-parser,3,
arithmetic,3,
arquillian,6,arquillian
arrayadapter,3,
artemis,4,
artificial-intelligence,19,
artoolkit,4,
asciidoctor,4,
asm,9,asm
asm-tree-api,3,
aspect-oriented-programming,6,
aspectj,11,
assertions,3,
assertj,6,
assignment,7,
assistant,7,
ast,3,ast
astronomy,3,
async,13,async
asynchronous,19,
asynchronous-tasks,7,
asynctask,20,
asynctaskloader,3,
attendance,7,
audio,23,audio
audio-player,10,
audio-streaming,4,
audiorecorder,3,
audit,4,
augmented-reality,9,
auth,4,auth
authentication,46,
authorization,14,
auto-value,3,
auto-value-extension,3,
autocomplete,6,
autocompletetextview,5,
automated-tests,3,
automation-test,5,
automation-ui,3,
autoupdate,3,
autovalue,14,
autovalue-extension,3,
avatar,7,
avr,5,
avro,9,
aws,69,aws
aws-autoscaling,3,
aws-dynamodb,4,
aws-ec2,8,aws-ec2
aws-elb,3,aws-elb
aws-iot,3,aws-iot
aws-lambda,26,aws-lambda
aws-s3,12,aws-s3
aws-sns,3,aws-sns
awt,4,
axon-framework,3,
azure,15,azure
azure-active-directory,5,
azure-ad-b2c,3,
baas,3,
backbone,3,
backend,25,
backstack,5,
backup,6,
bacnet,3,
badge,4,
baidumap,5,baidumap
bamboo,7,bamboo
banking,4,
banner,7,banner
barcode,13,barcode
barcode-detection,3,
barcode-reader,3,
barcode-scanner,5,
baseactivity,3,
bash,7,bash
basic,9,
basic-authentication,3,
batch-processing,3,
bbs,3,bbs
bdd,17,
beacon,12,
beacons,5,
bean,6,bean
bean-validation,3,
beer,3,
benchmark,16,
benchmarking,10,
big-data,24,
bigdata,20,
biginteger,3,
bigquery,5,
bilibili,6,bilibili
billing,6,
binder,4,
binding,11,
bindview,3,
bing,3,bing
bing-wallpaper,3,
bintray,4,
bioinformatics,4,
bitbucket-server,4,
bitcoin,18,bitcoin
bitcoin-wallet,3,
bitmap,12,
bitwig,3,
blade,3,
ble,17,
blind,5,
blockchain,26,blockchain
bluemix,7,
bluetooth,75,bluetooth
bluetooth-le,6,
bluetooth-low-energy,28,
bluetoothsmart,3,
bmob,4,
board-game,6,
boilerplate,13,
bookmark,6,bookmark
bookshelf,3,
boot,4,
bootstrap,61,bootstrap
bootstrap3,15,
bootstrap4,7,
bot,66,
bot-api,3,
bot-framework,7,
bots,5,
bottom-navigation,7,
bottombar,8,
bottomnavigation,5,
bottomnavigationview,17,
bottomsheet,6,
bottomsheetbehavior,7,
bouncy-castle,3,
bower,5,
box2d,5,
bpm,4,bpm
bpmn,3,
braille,3,
breadth-first-search,4,breadth-first-search
bridge,8,
broadcast,8,broadcast
broadcast-reciever,3,
broadcastreceiver,4,
broker,4,
browser,6,browser
browserstack,3,
bson,3,
bubble,4,bubble
budget,3,budget
budget-manager,4,
builder,12,
builder-pattern,4,
bukkit,134,bukkit
bukkit-api,9,
bukkit-plugin,72,
bullet,4,
bundle,10,
bungeecord,20,bungeecord
bungeecord-plugin,7,
burp,3,
bus,8,
business-card,4,
business-rules,3,
butterknife,99,butterknife
button,26,button
button-widget,4,
buttongroup,3,
bytecode,13,
bytes,3,
cache,20,cache
caching,3,
calculator,36,calculator
calendar,41,calendar
calendar-view,5,
callback,5,
camel,23,
camel-component,5,
camera,72,camera
camera-api,11,
camera-image,3,
camera2-api,11,
camunda,5,
canvas,38,canvas
capstone,14,capstone
captcha,3,captcha
capture,5,
car,5,
card,11,
card-game,3,
cards,5,
cardview,30,
carousel,4,
cart,3,
cas,7,
cassandra,29,cassandra
catalog,3,
categorization,3,
cdap,10,cdap
cdap-plugin,7,
cdi,32,cdi
cdi-extension,6,
cef,4,
cellular-automata,3,
cep,3,
certificate,5,
certification,3,
cglib,3,
challenge,15,
change,5,
chaos,3,
chart,13,chart
charts,9,
chat,59,
chat-application,10,
chatapp,4,chat
chatbot,29,chat
chatbots,5,
chatroom,4,
chatting,3,
checkbox,4,
checker,5,checker
checkers,3,
checklist,3,
checkout,4,
checkstyle,7,
chemistry,5,
chess,11,chess
chess-engine,5,
chess-game,4,
chooser,5,chooser
chrisjaehnen,3,
chrome,9,chrome
chrome-custom-tabs,4,
chromecast,4,
chromium,6,chromium
ci,11,
circle,6,
circleci,8,
circleimageview,4,
circuit-breaker,6,
circular-reveal,6,
city,3,
classification,16,classifi
classification-algorithm,3,
classifier,4,classifi
classloader,8,
clean-architecture,63,
clean-code,16,
cli,23,
client,50,
client-server,8,
client-side,6,
clipboard,6,
clock,9,clock
clojure,3,clojure
clone,4,
cloud,31,
cloud-foundry,4,
cloud-native,6,
cloudformation,3,
cloudfoundry,3,
cluster,10,cluster
clustering,10,
clustering-algorithm,4,clustering-algorithm
cmake,3,
cms,6,cms
coap,5,coap
code-analysis,5,code-analysis
code-generation,11,code-generation
code-generator,7,code-generator
code-quality,3,
codecov,7,
codegen,3,
codepath,5,
coding-challenge,7,
codingame,3,
coffee,6,
cognito,3,
collaboration,4,
collaborative-filtering,4,
collapsingtoolbarlayout,5,
collections,10,
college-assignment,6,
color-palette,3,color-palette
color-picker,6,color-picker
color-scheme,3,color-scheme
comics,6,
command,10,
command-line,12,
command-line-parser,4,
command-line-tool,7,
command-pattern,3,
commands,3,
commonadapter,4,
communication,14,
community,4,
competitive-programming,4,
compiler,12,
complexity,3,
component,11,
components,3,
composition,4,
compress,3,compress
compression,7,
computer-science,9,
computer-vision,14,computer-vision
concept,10,
concurrency,24,concurren
concurrent,3,
concurrent-programming,4,
conductor,6,
configuration-management,18,
confluence,3,
confluent,4,
connected-components,3,
connection,5,
connectivity,3,
connector,11,
console,7,
constraint-layout,10,
constraint-satisfaction,3,
consul,4,
consumer,5,
container,3,
containers,5,
content,4,
content-provider,5,
contentprovider,19,content provider
context,4,
context-aware,4,
continuous-delivery,7,
continuous-deployment,5,
continuous-integration,19,
control,5,
controller,10,
conversation,4,
conversion,4,
convert,6,
converter,18,
convex-hull,3,
convex-hull-algorithms,4,
convolutional-neural-networks,3,convolutional-neural-networks
cookie,4,cookie
cooking,5,
coolapk,3,
coordinator-layout,4,
coordinatorlayout,15,
cordova,24,
cordova-android,3,
cors,3,
couchbase,13,
couchbase-lite,3,
couchbase-mobile,3,
couchbase-sync-gateway,3,
countdowntimer,3,timer
counter,6,
countries,3,
course,5,
course-project,5,
coursera,4,
coursework,9,
coverage,5,
cpp,11,
cqrs,6,
craft-coder,4,
craftbukkit,5,
cralwer,3,
crash,8,crash
crash-reporting,5,
crash-reports,3,
crashlytics,3,
crawler,30,crawler
criteria-api,5,
crm,3,
crop,5,
crop-image,3,
cross-platform,14,
crowdsourcing,4,
crud,41,crud
crud-application,17,
crypto,4,crypto
cryptocurrency,4,
cryptography,24,
csharp,4,
css,37,css
css3,9,
csv,28,csv
csv-files,4,
csv-parser,11,csv-parser
cube,3,cube
cucumber,36,cucumber
cucumber-jvm,12,
cuda,3,
current-location,4,
cursor,5,
custom,26,
custom-fonts-to-textviews,3,
custom-view,59,
customizable,7,
customview,22,
cxf,8,
cybersecurity,5,cybersecurity
d3,6,
dagger,38,dagger
dagger-2,3,
dagger-android,7,
dagger2,189,
dagger2-mvp,35,
dao,18,
dare,3,
darksky,3,
dashboard,16,
data-analysis,8,
data-analytics,3,
data-binding,19,
data-collection,4,
data-flow,3,
data-mining,14,data-mining
data-science,7,
data-structure,6,data-structure
data-structures,36,
data-visualization,3,data-visualization
database,116,database
database-management,6,
database-migrations,4,
databases,4,
databinding,58,
dataflow,3,
dataset,5,
datasource,7,
datastructure,3,
datastructures,9,
datatables,5,
date,10,
datepicker,7,
datetime,3,
db,6,
dbflow,5,
dbflow-databases,3,
dbms,3,
dbpedia,6,
dbunit,7,
dbus,3,
ddd,9,
dds,3,
debug,10,
debugging,8,
debugging-tool,5,
decentralized,3,
decimal,3,
decoder,3,
decorator-pattern,3,
decryption,8,
deep-learning,18,deep-learning
deep-neural-networks,4,
denon-avr,3,
dependency-graph,5,
dependency-injection,44,dependency-injection
dependency-injection-container,3,
deployment,6,
deprecated,5,
depth-first-search,5,depth-first-search
derby,8,
derby-database,3,
deserialization,4,
deserialize,3,
design-pattern,7,design-pattern
design-patterns,26,
desktop,13,
desktop-application,5,
developer-tools,3,
development,8,
devops,16,
devops-tools,4,
dex,3,
di,3,
dialer,3,
dialog,50,
dialogfragment,7,
dialogs,3,
diana,3,
diary,5,
dictionary,6,
diff,3,
diffutil,6,
digital,4,
digital-signature,4,digital-signature
digits,3,
dijkstra,3,dijkstra
dijkstra-algorithm,3,
dijkstra-shortest-path,3,
dimensions,3,
dining-philosophers,4,
dining-philosophers-problem,4,
directory,4,
discord,66,discord
discord-api,6,
discord-bot,55,
discord-music-bot,3,
discord4j,21,
discord4j-bot,4,
discordapp,4,
discovery,8,
disk,3,
display,4,
disruptor,5,
distance-measures,3,
distributed,17,
distributed-computing,10,distributed-computing
distributed-database,3,distributed-database
distributed-ledger,4,distributed-ledger
distributed-storage,3,distributed-storage
distributed-systems,29,
distribution,3,
divider,5,
diycode,3,
dlib,3,
dns,3,
docker,175,docker
docker-compose,24,
docker-container,3,
docker-image,9,
dockerfile,4,
dockstore,5,
doclet,3,
docs-generator,3,
dom,3,
domain,3,
domain-driven-design,3,
dot,5,
dotnet,4,
download,14,
download-manager,3,
downloader,21,downloader
downloadmanager,7,
drag,8,
drag-and-drop,3,
dragger2,4,
draw,5,
drawable,11,
drawer,7,drawer
drawerlayout,8,
drawing,7,
dribbble,6,
drill,7,
driver,9,
drone,7,drone
drools,9,drools
drop,3,
dropbox,4,dropbox
dropbox-api,3,
dropwizard,43,
druid,13,
dsl,17,
dsp,3,
dubbo,31,
dubbox,6,
dynamic,10,
dynamic-programming,4,dynamic-programming
dynamodb,11,
e-commerce,4,
earth,3,
earthquakes,5,
easydarwin,4,
easymock,4,
ebay,3,ebay
ebook,4,ebook
ec2,3,
echarts,5,echarts
eclipse,33,eclipse
eclipse-plugin,9,
eclipselink,10,
ecommerce,9,
economy,3,
eddystone,3,
editor,10,editor
edittext,29,
education,24,
educational,12,
educational-game,4,
egra,4,
ehcache,11,ehcache
ejb,19,ejb
elastic,7,elastic
elasticbeanstalk,3,
elasticsearch,75,
elasticsearch-plugin,4,
electron,3,electron
electronics,4,
elevation,3,
elk,4,
embed,3,
embedded,8,embedded
embedded-database,4,
emergency,4,
emoji,10,emoji
emotion,3,
emulator,5,emulator
encoding,4,
encrypt,4,encrypt
encrypted-data,5,
encrypted-store,3,
encryption,42,
end-to-end-testing,4,
endless-scroll,4,
energy,3,
energy-monitor,4,
engine,8,
engineering,4,
enhancement,3,
enterprise,5,
entity,18,
epub,7,
erp,5,erp
error-handling,3,
esp8266,10,
espresso,32,espresso
espresso-tests,7,
essentials,3,
etcd,3,
ethereum,16,ethereum
etl,4,
eureka,14,eureka
eureka-client,5,
eureka-server,10,
event,10,
event-bus,4,
event-driven,7,
event-sourcing,7,
eventbus,35,
events,17,
eventsourcing,3,
evolutionary-algorithms,4,evolutionary-algorithms
exam,4,
excel,22,
exception-handler,4,
exceptions,5,
executor,5,
exoplayer,12,
expandable,8,
expandablelistview,4,
expandablerecyclerview,3,
expenses,7,
export,4,
express,4,
extension,7,
extensions,3,
fab,10,
fabric,13,
fabric8,3,
face,5,face-detection
face-detection,10,face-recognition
face-recognition,4,facebook
facebook,46,
facebook-api,17,
facebook-graph-api,6,
facebook-login,13,
facebook-sdk,9,
factory,5,
factory-pattern,3,
failover,4,
fast,9,
fastdfs,4,fastdfs
fastjson,5,fastjson
fastlane,3,fastlane
fatec,4,
fault-tolerance,6,
fcm,14,fcm
feature-extraction,3,
feign,11,feign
fetcher,3,
ffmpeg,12,ffmpeg
fhir,3,
fiji,4,
file,14,
file-explorer,3,file-explorer
file-manager,3,file-manager
file-picker,3,file-transfer
file-sharing,3,
file-transfer,3,
file-upload,6,
filepicker,4,
files,5,
filesystem,8,
filter,27,
filters,5,
finance,11,
findbugs,6,
finder,3,
fingerprint,13,fingerprint
fingerprint-authentication,13,
fintech,3,fintech
firebase,216,firebase
firebase-analytics,3,
firebase-auth,56,
firebase-authentication,16,
firebase-chat,3,
firebase-cloud-messaging,26,
firebase-database,90,
firebase-db,4,
firebase-realtime-database,12,
firebase-storage,30,
firebase-ui,3,
first-robotics-competition,4,
fitness,6,fitness
fitness-app,4,
flappy-bird,3,flappy-bird
flappybird,3,
flash,3,flash
flash-sales,3,
flashlight,6,
flask,6,
flavors,3,
flexbox,3,
flexible,3,
flickr,5,
flickr-api,3,
flight,4,
flink,16,
flink-stream-processing,3,
floating,5,
floating-action-button,6,
floatingactionbutton,5,
flow-control,3,
flowlayout,3,
fluent,8,
fluent-interface,3,
flume,12,flume
flutter,3,
fluxon,3,
flyway,15,flyway
font,11,font
font-awesome,3,
fonts,4,
food,11,
football,7,
footer,3,
forge,36,
forge-mod,21,
form,8,
form-validation,8,
formatter,6,
forms,6,
forum,6,
foursquare-api,3,
fragment,25,fragment
fragment-lifecycle,7,
fragment-transactions,4,
fragmentpageradapter,5,
fragments,57,
frc,10,frc
frc-scouting,3,
free,7,
freecodecamp,3,
freemarker,20,
freemarker-template,4,
fresco,17,fresco
friends,8,
front-end,4,
frontend,11,
ftc,18,ftc
ftc-robot-controller,9,
ftc-sdk,7,
ftp,12,ftp
ftp-server,3,
fun,6,
functional-programming,30,functional-programming
functional-reactive-programming,4,
functional-testing,3,
fuse,3,
fusedlocation,3,
futures,3,
fxml,5,
gae,4,
gallery,27,
game,214,game
game-2d,14,
game-development,36,
game-engine,13,game-engine
game-server,4,
gamedev,14,
gamejam,3,
games,17,
gamification,3,
gaming,3,
gank,10,gank
gank-io,3,
gankio,12,
gateway,10,gateway
gatling,5,
gatt,4,
gauge,4,gauge
gce,5,gce
gcm,8,gcm
gcp,5,gcp
generate,3,
generator,18,
generic,8,
generics,5,
genetic-algorithm,10,genetic-algorithm
geocoding,3,
geofencing,3,
geolocation,17,geolocation
geolocation-api,3,
geometry,8,
geopackage,3,
geospatial,3,
gesture,9,gesture
getting,3,
getting-started,3,
gherkin,3,gherkin
gif,4,gif
giphy,3,giphy
gis,5,gis
git,18,
github,31,github-api
github-api,18,
github-client,6,
gitlab,3,gitlab
glassfish,12,glassfish
glide,69,glide
glsl,6,glsl
gmail,4,gmail
golang,12,golang
google,65,
google-analytics,6,
google-api,32,google-api
google-app-engine,3,google-app
google-appengine,3,
google-books,4,google-books
google-calendar,3,google-calendar
google-cloud,5,google-cloud
google-cloud-engine,3,
google-cloud-platform,6,
google-cloud-spanner,3,
google-direction-api,4,
google-drive,8,google-drive
google-guice,3,google-guice
google-location-api,4,google-location
google-login,5,google-map
google-maps,70,
google-maps-api,27,
google-material,3,
google-places,8,
google-play,7,google-play
google-play-games,3,
google-play-services,9,
google-plus,5,google-plus
google-scholarship,8,google-scholarship
google-services,3,
google-sheets,3,
google-signin,6,google-signin
google-speech-recognition,4,speech-recognition
google-text-to-speech,5,
google-vision,3,google-vision
google-vision-api,3,
google-volley,3,
googleapi,4,
googleapiclient,5,
googlemaps,9,
googlemaps-api,5,
gov,8,
government-data,3,
gpio,6,
gplv3,13,gplv3
gps,26,gps
gps-location,11,
gps-tracker,6,
gps-tracking,6,
gpu,4,gpu
gpuimage,4,
gradient,5,
gradle,181,gradle
gradle-java,3,
gradle-plugin,24,
gradle-wrapper,3,
grafana,6,
graham-scan-algorithm,4,
grammar,4,grammar
graph,27,graph-algorithms
graph-algorithms,9,graph-database
graph-database,10,graph-theory
graph-theory,4,graphics
graphics,11,graphite
graphite,3,graphql
graphql,12,
graphql-java,3,
graphs,9,
graphview,3,
graphviz,3,
graylog,6,graylog
graylog-plugin,7,
green,3,
greendao,25,greendao
grid,3,
grid-layout,5,
gridview,8,gridview
grizzly,4,
groovy,25,groovy
grpc,28,grpc
grpc-java,5,gson
gson,43,guava
gson2,5,guice
guardian,4,gulp
guava,10,gwt
gui,28,h2
gui-application,3,
guice,27,
guide,14,
gulp,7,
gwt,21,
gym,3,
gyroscope,4,
h2,27,
h2-database,47,
h5,3,h5
hack,10,
hackathon,42,hackathon
hackerearth,3,
hackerrank,4,
hacking,5,
hackinthenorth,3,
hadoop,49,hadoop
hadoop-filesystem,4,
hadoop-mapreduce,14,mapreduce
hamcrest,13,hamcrest
hamradio,3,hdfs
handler,6,
hashcode,6,
hashing,6,hash
hashtag,3,
hashtags,3,
haskell,4,haskell
hassie,3,hassie
hateoas,15,hateoas
hateoas-hal,3,hazelcast
hazelcast,10,
hbase,22,hbase
hdfs,17,
health,14,
health-check,5,
healthcare,9,
healthcheck,3,
heartbeat,4,
heroku,33,heroku
herokuapp,4,
hex,3,
hibernate,259,hibernate
hibernate-framework,5,
hibernate-orm,4,
hibernate-search,5,
hibernate-validator,10,
hibernate5,3,
hid,4,
hikaricp,9,hikaricp
hint17,3,
hippo-cms,3,
hive,16,hive
hk2,3,
hls,4,hls
home-automation,10,
hotfix,14,
hotpatch,3,
hotspot,3,
hpe,3,
hslu,3,
hsql,3,
hsqldb,6,
html,43,html
html5,22,
http,66,
http-client,25,http
http-requests,7,https
http-server,13,
http2,9,
httpclient,10,
httprequest,3,
https,8,
huawei,7,
hue,5,
hybrid,7,hybrid
hyperledger,5,hyperledger
hypixel,3,
hystrix,23,hystrix
i18n,8,
i2b2,4,i2b2
i2c,3,i2c
iab,3,
ibeacon,5,ibeacon
ibm,4,
ibm-bluemix,4,ibm
ibm-streams,4,
ibm-watson-services,3,
icon,5,icon
icon-pack,4,
icons,12,
id3,3,
identity,9,
idyl-e3,7,
ignite,3,
ijkplayer,14,ijkplayer
im,7,
image-analysis,4,
image-compression,7,image-compression
image-picker,7,image-picker
image-processing,33,image-processing
image-recognition,6,image-recognition
image-viewer,7,
imagej,9,
imagej-plugins,7,
imageloader,6,
imagepicker,7,
imageview,18,
imap,4,
immutable,4,
in-app-purchase,5,
inapp-billing,3,
indexing,9,
indicator,10,
indoor-positioning,3,
infinispan,8,infinispan
infinite-scroll,3,
influxdb,7,influxdb
information-extraction,5,
information-retrieval,13,information-retrieval
infrastructure,3,
ingame-info-xml,3,
inject,4,
injection,9,
inmemory,4,
instagram,19,instagram
instagram-api,6,
instant-messaging,7,instant-messaging
instant-search,3,
instant-search-android,3,
instrumentation,10,instrumentation
instrumentation-tests,7,
integration,14,
integration-testing,16,
intel-edison-board,4,
intellij,20,intellij
intellij-idea,4,
intellij-plugin,3,
intent,18,
intents,6,
intentservice,4,
interceptor,10,
internationalization,4,
internet-of-things,16,internet-of-things
interpreter,7,
interview,11,
interview-questions,4,
inventory,11,
inventory-management,5,
io,11,
ioc,10,ioc
ionic,3,
ionic2,3,
ios,46,ios
iot,76,iot
iot-platform,3,
iotivity,4,
ipc,7,ipc
ipfs,3,
irc,6,irc
irc-bot,3,
irc-client,5,
isbn,3,isbn
isolation,3,
issue-management,3,
it,3,
item,3,
item-collaborative-filtering,3,
itemdecoration,5,
itemtouchhelper,5,
itmo,3,
itunes,3,
itunes-api,5,
j2ee,15,j2ee
j2me,4,j2me
jackson,27,
jacoco,4,jacoco
jalali,3,
jaoafa,7,jaoafa
japanese,5,
jar,25,
jarvis,3,
jasperreports,3,
java,4211,
java-5,3,
java-8,405,
java-agent,4,
java-android,4,
java-api,6,
java-api-wrapper,3,
java-application,3,
java-client,5,
java-collections,3,
java-ee,12,
java-ee-7,3,
java-framework,3,
java-game,4,
java-lambda,3,
java-library,93,
java-sdk,7,
java-streams,4,
java-swing,3,
java-utilities,3,
java-web,5,
java-wrapper,4,
java7,3,
java8,138,
java9,5,
javaagent,3,
javabeans,3,
javaconfig,3,
javadoc,15,
javaee,100,javaee
javaee7,15,
javaee8,10,
javafx,109,javafx
javafx-application,17,
javamail-api,3,
javaparser,4,
javapoet,6,
javascript,166,javascript
javase,4,
javaslang,8,
javassist,5,
javaweb,11,
jax-rs,51,jax-rs
jax-rs-sample,4,
jax-ws,7,
jaxb,27,jaxb
jaxrs,5,jaxrs
jaxws,4,jaxws
jazz,3,
jbehave,4,
jboss,13,jboss
jboss-forge,3,
jca,3,
jcenter,5,
jda,30,jda
jda-bot,12,
jdbc,71,jdbc
jdbc-orm-framework,3,
jdbi,4,
jdk,3,
jdk8,4,
jedis,11,jedis
jee,22,jee
jee7,8,jee7
jena,4,jena
jenkins,31,jenkins
jenkins-pipeline,6,
jenkins-plugin,19,
jersey,56,jersey
jersey2,18,jetty
jetty,32,jflex
jflex,3,jhipster
jhipster,22,jira
jira,9,jitpack
jitpack,9,jjwt
jjwt,5,jmeter
jmeter,7,
jmeter-plugin,3,
jmh,7,jmh
jmockit,3,jms
jmonkeyengine3,4,jmx
jms,17,jna
jmx,7,jndi
jna,4,jni
jndi,5,job-scheduler
jni,21,
jnosql,3,
job-queue,3,
job-scheduler,11,
joke,3,
jokes,5,
jooby,3,
jooq,7,jooq
journal,4,jpa
jpa,135,jquery
jpa-criteria-api,5,jsf
jpql,3,json
jquery,22,
js,8,
jsf,30,
jsf2,18,
jsinterop,3,
json,190,
json-api,16,
json-data,8,
json-parser,20,json-parser
json-schema,6,
json-serialization,6,
jsonapi,3,
jsoup,35,
jsp,70,jsp
jsp-servlet,7,
jsr,4,
jsr356,5,jsr356
jstl,12,jstl
junit,123,junit
junit-5,4,
junit-rule,11,
junit-runner,3,
junit-test,7,
junit4,35,
junit5,17,
jvm,17,
jwt,41,jwt
jwt-authentication,12,kafka
jwt-token,7,
kafka,92,
kafka-connect,28,
kafka-connector,3,
kafka-consumer,8,
kafka-producer,7,
kafka-streams,10,
kalman-filter,3,
kanban,3,kanban
karaf,5,karaf
kata,18,kata
kerberos,4,keyboard
keyboard,17,keycloak
keycloak,10,keystore
keystore,6,kibana
kibana,9,
kids,4,
kie,3,
kinesis,3,kinesis
kissanime,3,kissanime
knapsack-problem,3,knn
knn,3,kotlin
knowledge,4,kryo
kotlin,72,ksoap
kotlin-android,27,kubernetes
kryo,5,kumuluzee
ksoap,3,
kubernetes,17,
kubernetes-cluster,3,
kumuluzee,5,
lab,3,
laboratory,4,
lambda,31,lambda
lambda-expressions,6,language-modeling
lambda-functions,3,last-fm
language,20,
language-modeling,3,
languages,3,
laravel,4,
last-fm,3,
lastfm,4,
latency,5,
latex,5,
launcher,14,
launcher-shortcuts,4,
layer,3,
layout,18,
layoutmanager,7,
layouts,4,
lazy-loading,3,
ldap,6,
leaflet,3,ldap
learn-to-code,5,learning-by-doing
learning-by-doing,14,leetcode
learning-exercise,3,libgdx
led,5,
leetcode,11,
leetcode-java,3,
leetcode-solutions,3,
legacy,11,
legacy-application,3,
lexer,4,
libgdx,101,
libgdx-game,15,
libgdx-utilities,3,
library-free,3,
library-management-system,4,
lifecycle,9,
liferay,6,
lightweight,10,
line,5,line
linebot,3,
linechart,3,
link,5,
linked-data,6,
linked-list,4,
linkedin,4,linkedin
lint,3,
linter,3,
linux,21,
liquibase,11,liquibase
listener,11,
listing,4,
listview,56,
listviewwithcustomadapter,4,
litepal,5,litepal
lithium,3,litho
litho,6,
live,11,
live-wallpaper,4,
livedata,6,
load-balancer,5,
loader,9,
loaders,7,
loading,14,
loading-animations,3,
loadingview,3,
loadmore,12,
local,4,
locale,4,
localstorage,4,
location,36,
location-based,12,
location-services,26,
locationmanager,3,
locations,3,
lock,4,lock
lockscreen,7,lockscreen
log,22,
log4j,35,log4j
log4j2,12,
log4j2-appender,3,
logback,17,
logger,20,
logging,51,
logging-library,5,
login,36,login
login-system,3,
logout,4,
logs,4,
logstash,8,
lollipop,3,
lombok,28,
lookup,3,
lotro,3,
lottie,3,
lottie-android,6,
lowselfesteem,4,lowselfesteem
lru-cache,3,lru
lrucache,3,lua
lua,5,
luaj,3,
lucene,24,lucene
ludum,3,ludum
ludum-dare,8,
ludumdare,7,
lwjgl,11,lwjgl
lwjgl3,3,
lyrics,4,lyrics
m3u8,3,
macaca,8,macaca
machine-learning,82,machine-learning
machine-learning-algorithms,4,
magic,7,magic
magnolia,6,magnolia
magnolia-component,6,
mail,7,
mailgun,3,
management,4,
manager,8,
manga,5,
manga-reader,4,
map,21,
map-reduce,4,
mapbox,4,
mapper,9,
mapping,6,
mapreduce,17,mapreduce
maps,26,
mapstruct,6,
marathon,3,
mariadb,4,
markdown,16,markdown
markers,3,
marketplace,3,
marklogic,10,marklogic
markov-chain,5,markov-chain
marshalling,3,
marshmallow,6,marshmallow
marvel,5,marvel
master,3,
master-detail,3,
matcher,3,
matchers,4,
material,60,
material-components,3,
material-design,223,
material-theme,3,
material-ui,19,
materialdesign,8,
materializecss,3,
materialup,5,
math,19,math
mathematics,3,
matrix,4,
maven,471,maven
maven-archetype,18,
maven-extension,5,
maven-module,3,
maven-plugin,50,
maven-template-project,3,
mavencentral,4,
maze,4,
mc-nest,4,
mcpe,3,
md5,4,md5
media,14,media
media-player,6,
mediacodec,3,
mediaplayer,16,
mediator,3,
medical,4,
medicine,3,
meetup,4,
memcached,8,memcached
memes,6,memes
memo,5,memo
memory,7,
mental-health,4,
mentions,3,
menu,18,
merge,4,
mergesort,3,mergesort
mesh-networks,4,mesh-networks
mesos,5,mesos
message,4,message
message-queue,5,
messages,3,
messaging,35,
messenger,18,
metadata,8,
metrics,28,metrics
microprofile,3,
microscopy,3,
microservice,94,microservice
microservice-base,4,
microservice-framework,6,
microservice-toolkit,4,
microservices,69,
microservices-architecture,13,
microsoft,7,microsoft
microsoft-cognitive-services,9,midi
midi,5,
migration,5,
milo,3,
minecaft,4,
minecraft,342,minecraft
minecraft-api,9,
minecraft-forge,32,
minecraft-forge-mod,40,
minecraft-mod,65,
minecraft-moonlake,6,
minecraft-plugin,31,
minecraft-pocket-edition,3,
minecraft-server,22,
minecraftforge,8,
mineplex,4,
minesweeper,3,
minigame,3,
minigames,5,
minimal,4,
minimalist,4,
mirror,3,
mit-license,12,
miwok,4,miwok
mixins,4,mixins
mmorpg,3,mmorpg
mnist,4,mnist
mnist-classification,3,
mobile,65,
mobile-app,61,
mobile-development,9,
mobile-game,7,
mobile-vision,5,
mobile-web,4,
mobilesdk,3,
mock,16,
mocking,11,
mockito,62,mockito
mockito-framework,5,
mockwebserver,5,
mod,45,
modding,4,
model,9,
model-view-presenter,7,
modeling,7,
modular,12,modular
modularity,3,
modularization,3,
module,17,
modules,3,
mojang,3,
monad,3,monad
monadic-interface,3,
monads,3,
monetization,4,
money,8,
money-manager,7,money-manager
mongo,11,
mongodb,156,mongodb
monitor,9,monitor
monitoring,31,
month,3,
mooc,3,mooc
moonlake,3,moonlake
moonlake-plugin,3,
morphia,5,morphia
morse-code,6,
mosby,7,
moshi,5,
move,4,
movie,33,
movie-database,13,
movie-database-api,3,
movie-db,3,
moviedb,5,
movies,23,
movies-api,3,
moxy,4,moxy
mp3,7,mp3
mpandroidchart,8,mpandroidchart
mpi,3,mqtt
mq,3,
mqtt,30,
mqtt-client,5,
msal,3,
mule,5,mule
multi-choice-selection,3,multi-layer-perceptron
multi-language,3,
multi-layer-perceptron,3,
multi-modules,3,
multi-platform,4,
multi-select,3,multi-thread
multi-thread,4,
multi-type-adapter,3,
multidex,4,
multiplayer,6,
multiple,4,
multithreading,14,
multitype,5,
music,55,
music-bot,6,
music-library,4,
music-player,45,music-player
musicplayer,5,
mutation-testing,4,mutation-testing
muzei,3,muzei
mvc,53,mvc
mvc-architecture,4,
mvc-framework,6,
mvc-pattern,7,
mvn,5,
mvp,274,mvp
mvp-android,97,
mvp-architecture,83,
mvp-clean,9,
mvp-library,7,
mvp-pattern,27,
mvvm,52,mvvm
mvvm-architecture,18,
mvvm-databing,3,
mvvm-pattern,4,
mybatis,105,mybatis
mybatis-generator,9,
mybatis-spring,3,
mybatis3,9,
myfirstapp,3,
mysql,161,mysql
mysql-database,28,
mysql-orm,5,
named-entity-recognition,4,
nanodegree,32,nanodegree
nanohttpd,3,nanohttpd
nasa,5,nasa
nashorn,4,nashorn
nationstates,6,nationstates
native,12,
native-module,3,
nats,3,
natural-language,3,
natural-language-processing,20,natural-language-processing
navigation,35,navigat
navigation-drawer,14,
navigation-view,4,
navigationbar,7,
navigationview,4,
navigator,4,
nbt,5,
ndk,21,ndk
neo4j,28,neo4j
neo4j-database,3,
neo4j-plugin,4,
neo4j-server,4,
nest,6,
nestedscrollview,4,
netbeans,7,netbeans
netflix,3,netflix
netflix-eureka,7,
netflix-hystrix,4,
netflix-zuul,6,
netflixoss,6,
netty,59,netty
netty-server,3,
netty4,8,
network,34,
network-analysis,4,
network-monitoring,4,network-monitoring
networking,28,
neural-network,22,neural-network
neural-networks,3,
news,31,news
news-aggregator,3,
news-feed,4,
newsapi,8,
newsapp,3,
newsfeed,4,
newspaper,5,
nexus,4,nexus
nfc,18,nfc
nfc-card-reader,3,
nga,3,nga
nginx,6,nginx
nhs,3,nhs
nifi,12,nifi
nifi-processors,15,
nio,15,
nlp,33,nlp
nlu,3,
node,5,
nodejs,39,nodejs
non-blocking,4,nosql
nosql,21,
nosql-database,5,
nosql-databases,3,
note,5,
note-taking,10,
notepad,8,notepad
notes,16,
notification,17,notification
notification-android,6,
notification-service,3,
notifications,29,
nougat,6,nougat
novoda,3,nukkit
nukkit,8,oauth
nukkit-plugin,4,
numberpicker,4,
oauth,13,
oauth2,48,
oauth2-client,3,
oauth2-server,7,
obfuscator,3,
object,4,
object-oriented,4,
object-oriented-programming,3,object-oriented
object-storage,3,
objective-c,3,
objetos,3,
observable,8,observable
observer,5,
observer-pattern,3,
ocf,3,
ocr,17,ocr
ocr-android,8,
ocr-recognition,4,
odata,4,
offline,10,offline
okhttp,58,okhttp
okhttp3,46,
okhttpclient,3,
olingo,7,olingo
onboarding,8,onboarding
onesignal,3,
onos,3,
oop,13,oop
oop-principles,4,
opc-ua,5,
openapi,8,
opencl,3,opencl
opencv,43,opencv
opencv-android-sdk,4,
opencv3,3,
opencv4android,6,
opendata,6,
opengl,26,opengl
opengl-es,15,
opengles,7,
openid,3,
openid-connect,9,
openmp,3,
opennlp,6,openshift
openpgp,3,
openshift,17,
opensource,16,
opensource-android-application,3,
openstack,4,
openstack-swift,3,
openstreetmap,12,openstreetmap
opentracing,16,opentracing
openui5,3,
openweatherapi,4,
openweathermap,4,
openweathermap-api,5,
optimization,8,
optimization-algorithms,3,
options,3,
oracle,15,oracle
oracle-11g,3,
orange,3,
orc,3,
orchestration,3,
organizer,3,
orientation-changes,4,
orientdb,7,orientdb
orienteer,4,
orm,31,orm
orm-framework,3,
ormlite,6,
osb,3,
osgi,14,osgi
osm,6,osm
oss,4,
otg,4,otg
otp,5,
otto,10,otto
outlier-detection,4,
overlay,3,
owasp,6,owasp
owl,6,owl
p2p,11,p2p
packets,3,
pageobject,3,pageobject
pageobject-pattern,5,
pagination,8,pagination
paho,3,paho
paid-flavors,3,
paint,5,paint
panorama,3,panorama
paper,4,parallax
parallax,5,
parallel,5,
parallelism,5,
parcelable,6,parcelable
parceler,5,
parking,6,parking
parse,19,
parse-server,3,
parser,47,parser
parsing,14,
particle,3,
particle-swarm-optimization,4,
particles,3,
party,3,
pascal,3,
password,11,
password-generator,5,password-generator
password-manager,8,
pathfinding,7,
pattern,10,
pattern-lock,3,
pattern-matching,5,
patterns,4,
pay,3,
payara,10,payara
payara-micro,5,
payment,9,
payments,6,
pcf,3,
pdf,28,pdf
pdf-generation,6,
pdfbox,6,
peer-to-peer,4,performance
performance,22,
performance-analysis,5,
performance-metrics,3,
performance-testing,3,
permission,9,permission
permission-android,6,
permission-requests,3,
permissions,16,
persian,4,
persistance,3,persist
persistence,6,
personal,5,
philips-hue,3,
phoenix,5,phoenix
phone,20,phone
phone-number,3,
phonebook,3,
phonegap,10,phonegap
phonegap-examples,3,
photo,9,photo
photo-browser,3,
photo-gallery,4,
photography,4,
photopicker,4,
photos,13,
php,36,php
physics,8,
physics-simulation,3,
pi,3,
pi4j,3,
picasso,47,picasso
picasso-api,6,
picker,13,
picker-library,3,
pickerview,3,
picture,14,
pig,3,pig
pinch-to-zoom,4,
ping,5,
pip,3,
pipeline,17,pipeline
pippo,3,
pitest,3,
pixel,6,
pixel-art,4,
pizza,14,pizza
places,4,
plane,3,
planner,6,
planning,3,
platform,3,
play,6,
play-framework,3,
play-store,6,
player,30,player
playframework,3,
playground,4,
playlist,4,
playstore,6,
playstore-sample,3,
plot,3,
plume-framework,3,
pluralsight,22,pluralsight
pmd,4,pmd
png,3,
poc,6,
podcast,3,
poi,6,
pojo,10,pojo
pokemon,16,pokemon
pokemongo,6,
polling,4,
polyline,3,
pong,3,
popular-movies,14,popular-movies
popularmovies,8,
popup,11,popup
popup-window,6,
portfolio,6,
pos,3,
post,3,
postgres,13,postgres
postgresql,70,
postman,4,
posts,3,
power,4,
powermock,4,powermock
prediction,3,
preferences,10,
presentation,6,
presenter,5,
presto,4,
prime-numbers,5,prime-numbers
primefaces,27,primefaces
primitives,3,
printer,5,
printing,3,
privacy,6,
process,4,
processing,11,
processor,6,processor
productivity,6,
profile,7,profile
profiler,4,
profiling,3,
programming,13,
programming-language,9,
progress,17,
progress-bar,15,
progress-dialog,4,
progress-view,3,
progressbar,19,
proguard,4,
project-management,3,
prometheus,6,
proof-of-concept,3,
properties,10,
properties-loader,4,
protobuf,18,protobuf
protocol,11,protocol
protocol-buffers,4,
prototype,11,
proxy,22,proxy
public-transportation,3,
pubsub,4,pubsub
pull-refresh-layout,4,
pull-to-refresh,10,
pulltorefresh,9,
purchase,4,
push-notifications,18,
pusher,5,
puzzle,10,puzzle
puzzle-game,5,
pvp,4,
qq,9,qq
qr-code,5,
qrcode,13,qrcode
qrcode-generator,4,
qrcode-scanner,4,
quality-assurance,4,
quartz,13,quartz
quartz-scheduler,4,
query,6,
query-builder,3,
query-engine,3,
query-language,4,
querydsl,4,
question-answering,4,question-answering
queue,16,
queueing,4,
quickstart,8,
quiz,23,
quizapp,7,
quorum,3,
quotes,6,
r,4,
rabbitmq,33,rabbitmq
racing,3,
rad,3,
radar,4,
radio,10,
radio-buttons,6,
rails,5,
rainbow,4,rainbow
rainbow-hat,5,
random,17,random
random-generation,6,
raspberry-pi,32,raspberry
raspberry-pi-3,10,
raspberrypi,4,
rate,5,
rating,7,
ratio,3,
ratpack,8,ratpack
rc,3,
rd-magnolia-community-2017,6,rdap
rdap,4,rdbms
rdbms,3,rdf
rdf,13,
rdf4j,3,
react,44,react
react-app,4,
react-component,4,
react-native,116,
react-native-app,3,
react-native-component,5,
react-navigation,3,
reactive,37,reactive
reactive-programming,25,
reactive-streams,19,
reactivex,12,
reactjs,22,reactjs
reactnative,4,
reactor,12,reactor
reactor-core,5,
reader,15,reader
real-time,12,real-time
real-time-processing,3,
realm,56,realm
realm-java,5,
realm-mobile-database,8,
realtime,9,
realtime-database,7,
realtime-message-translator,4,
realtime-messaging,5,
realtime-talk,4,
receive,3,
recipe,3,
recommendation-algorithms,4,
recommendation-system,5,recommendation
recommender-system,5,
record,5,
record-audio,4,
recorder,11,recorder
recursion,4,
recycler,7,
recyclerview,248,recyclerview
recyclerview-adapter,68,
recyclerview-animation,4,
recyclerview-item-animation,4,
recyclerview-item-decoration,5,
recyclerview-multi-type,9,
recyclerviewpager,3,
recycleview,5,
recylcerview,4,
reddit,12,reddit
reddit-api,4,
redhat,4,
redis,92,redis
redis-cache,4,
redux,11,redux
refactoring,6,
reference-implementation,3,
reflect,3,
reflection,16,reflection
refresh,7,
refreshlayout,12,refreshlayout
refreshrecyclerview,4,
regex,9,
region,4,
register,4,
registration,12,registration
regression,3,
regular-expression,7,regular-expression
reinforcement-learning,3,
relational-databases,5,
release-automation,4,
release-management,3,
reload,3,
reminder,10,reminder
remote,4,
remote-control,12,remote-control
renderscript,4,
replication,3,
report,6,
reporting,4,
reportportal,6,
requery,3,
request,3,
resilience,4,resilienc
resiliency,3,
resource,3,
response-management,11,
rest,122,rest
rest-api,215,
rest-assured,3,
rest-client,18,
rest-microservice,3,
restapi,4,
restassured,4,
restaurant,11,
restaurant-menu,4,
resteasy,20,
restful,50,
restful-api,63,
restful-webservices,9,
restlet,3,
resume,6,
rethinkdb,3,
retrofit,88,retrofit
retrofit-2,4,
retrofit2,304,
retrofit2-rxjava,21,
retrolambda,19,retrolambda
reverse-proxy,7,reverse-proxy
review,3,
rfid,4,
ribbon,7,ribbon
rich-text,5,
ring,6,
ringtone,3,
ripple,3,
rmi,6,rmi
robolectric,14,robolectric
robot,19,robot
robotics,22,
robotics-competition,6,
rocketmq,4,rocketmq
rom,4,
room,11,
root,15,
ros2,3,
rotation,4,
router,17,router
routing,6,rpc
rpc,27,
rpc-framework,5,
rpg,9,rpg
rsa,7,rsa
rss,12,rss
rss-feed,4,rtc
rss-reader,8,rtl
rtc,3,rtmp
rtl,4,rtsp
rtmp,10,ruby
rtsp,5,
ruby,7,
rule-engine,4,
rules,7,
runner,4,
runtime,5,
runtime-permissions,10,
russian,4,
rx,15,rxandroid
rxandroid,91,
rxandroid2,5,
rxbinding,3,
rxbus,16,
rxcache,4,
rxgwt,4,
rxjava,333,rxjava
rxjava-android,23,
rxjava-library,5,
rxjava2,160,
rxjava2-retrofit2,5,
s3,11,
saas,3,
salesforce,4,
saml,4,saml
sample-android,8,
sample-app,22,
sample-code,4,
samsung,4,
sandbox,5,sandbox
sap,3,
sass,4,
scaffold,3,
scaffolding,3,
scala,24,scala
scale,6,
scan,4,
scanner,11,scanner
scanning,3,
scenario,4,
scene,4,
schedule,12,schedule
scheduler,17,
scheduling,5,
schema,11,schema
schema-registry,3,
school-stuff,4,
science,5,
score,4,
scoreboard,7,scoreboard
scorekeeper,7,
scp,3,
scraper,8,
scraping,6,
scratch,3,
screen,6,screen
screen-recorder,4,
screenshot,13,
script,5,
scroll,5,scroll
scroller,3,
scrolling,3,
scrollview,4,
scrum,5,
sdk,75,
sdk-android,8,
sdk-java,5,
sdn,7,sdn
search,33,
search-engine,16,
search-interface,5,
searchbar,8,
searching,3,
searchview,9,
secure,3,
security,72,security
security-audit,3,
security-tools,5,
seekbar,17,seekbar
selection,3,
selector,3,
selenide,7,selenide
selenium,57,selenium
selenium-grid,6,
selenium-java,14,
selenium-webdriver,20,
self-learning,4,self-learning
selfbot,3,
semantic-versioning,3,
semantic-web,10,
send,3,
sendgrid,4,
sensor,17,
sensors,15,
sentiment,3,sentiment
sentiment-analysis,8,
sequential-patterns,3,
serenity,4,
serial,5,
serialization,10,serialization
serializer,4,
server,55,
server-sent-events,6,
server-side,4,
serverless,12,
service,42,
service-discovery,8,
servicebus,3,
services,12,
servlet,66,servlet
servlet-container,4,
servlet-mvc,3,
servlets,14,
session,5,
settings,11,
setup,3,
sftp,5,sftp
sha256,3,sha256
shaders,3,
shadow,4,
shadowsocks,3,shadowsocks
shake-detection,3,shake-detection
shape,5,
shapes,3,
share,17,
shared,3,
shared-element,4,
sharedpreferences,44,
sharing,5,
shell,12,shell
shell-script,5,
shiro,16,shiro
shop,4,
shopping,9,
shopping-cart,11,
shortcut,4,
shortcuts,3,
showcase,8,
sideslip-menu,3,
sigapi,3,sigapi
sigfox,3,sigfox
sign,6,
signal-processing,3,signal-processing
signature,3,
signup,5,
simple,33,
simulated-annealing,3,
simulation,18,simulation
simulator,9,
sina,3,sina
sinch,3,
single-page-app,3,
singleton,6,singleton
sink,4,
sip,4,
sketch,3,
skin,5,
skript,7,
skript-addon,3,
slack,19,
slackbot,3,
slf4j,13,
slick2d,6,
slide,11,
slider,8,
slideshow,3,
smack,4,
smart-contracts,3,
smart-home,3,
smarthome,12,
smartphone,3,
sms,25,sms
sms-api,7,
sms-messages,4,
smtp,8,smtp
snackbar,10,snackbar
snake,4,
snappy,3,
snapshot,3,
snippets,3,
snmp,3,
soa,3,
soap,11,soap
soap-client,7,
soap-web-services,4,
soapui,4,
soccer,3,
social,11,
social-login,7,
social-media,17,social
social-network,23,
socket,27,socket
socket-io,9,
socketio,4,
sockets,8,
software-development,3,
software-engineering,7,
solace,7,solace
solidity,4,
solr,16,solr
sonar,3,
sonarqube,17,sonarqube
sort,4,sort
sorting,5,
sorting-algorithms,7,
sound,14,sound
soundcloud,5,
source,7,
source-code,12,
sourcecode,8,
space,10,
space-invaders,3,
span,3,
spannable,3,
spannable-string,4,
spark,55,
spark-streaming,7,
sparkjava,17,
sparkjava-framework,3,
sparksql,4,
sparql,7,sparql
spatio-temporal,3,spdx
spdx,3,
spdx-license,3,
speaker,3,speaker
speaker-recognition,3,
specification,3,
spectrum,3,spectrum
speech,8,speech
speech-recognition,13,
speech-to-text,9,
speed,3,
speedtest,3,
spi,3,
spider,12,spider
spiget,8,spiget
spigot,141,spigot
spigot-api,8,
spigot-plugin,74,
spigot-resource,6,
spigotmc,18,spigotmc
spinner,14,spinner
splash,6,splash
splash-screen,5,
splashscreen,10,
split,4,
spock,8,
sponge,32,sponge
sponge-plugin,15,
spongeapi,9,
spongepowered,5,
sports,11,sports
spotify,15,spotify
spotify-api,11,
spotify-sdk,3,
spring,591,spring
spring-aop,5,
spring-batch,10,
spring-batch-admin,3,
spring-boot,895,
spring-boot-actuator,3,
spring-boot-application,6,
spring-boot-starter,12,
spring-boot-thymeleaf,3,
spring-cloud,102,
spring-cloud-config,8,
spring-cloud-microservice,7,
spring-cloud-netflix,33,
spring-cloud-sleuth,7,
spring-cloud-stream,5,
spring-core,4,
spring-data,58,
spring-data-jpa,134,
spring-data-mongo,7,
spring-data-mongodb,7,
spring-data-neo4j,3,
spring-data-rest,22,
spring-framework,17,
spring-hateoas,4,
spring-integration,6,
spring-jdbc,14,
spring-jms,3,
spring-jpa,5,
spring-mvc,334,
spring-mvc-framework,6,
spring-oauth2,7,
spring-orm,3,
spring-rest,21,
spring-security,150,
spring-security-oauth,5,
spring-security-oauth2,8,
spring-session,3,
spring-social,6,
spring-test,9,
spring-web,10,
spring-web-mvc,4,
spring-websockets-stomp,5,
spring4,5,
spring5,4,
springboot,97,
springcloud,12,
springdata,3,
springdatajpa,6,
springfox,4,
springframework,59,
springmvc,53,
springmvc-mybatis,5,
springsecurity,7,
sql,66,
sql-server,4,sql-server
sql2o,3,
sqlbrite,8,sqlbrite
sqldelight,4,
sqlite,111,sqlite
sqlite-android,32,
sqlite-database,15,
sqlite3,13,
sqllite,3,
ssh,10,ssh
ssl,3,
ssm,17,ssm
sso,11,sso
stack,9,stack
stage,4,
standalone,3,
started,3,
starter,9,starter
starter-kit,3,
startup,5,
state,6,
state-machine,7,state-machine
state-management,3,
static-analysis,6,
static-code-analysis,3,
statistics,8,
status,5,
statusbar,6,statusbar
steam,4,steam
steamworks,3,
stetho,9,stetho
sticky-headers,6,sticky
stickyheader,4,
stock,6,stock
stock-hawk,10,
stock-market,8,
storage,14,
storm,25,storm
story,4,
strava,4,strava
strava-api,3,stream
stream,19,
stream-api,3,
stream-processing,19,
streaming,20,
streaming-api,3,
streaming-audio,3,
streams,7,
string-matching,3,
structure,3,
struts2,10,struts
studio,5,
style,6,
subreddit,4,subreddit
subsonic,3,subsonic
sudoku,5,sudoku
sudoku-solver,3,
sunshine,7,
superuser,3,
supervised-learning,4,
support-library,6,
surfaceview,3,
surveillance,4,
survey,4,
svg,9,svg
svm,6,svm
swagger,52,swagger
swagger-docs,3,
swagger-ui,14,
swagger2,7,
swarm,7,swarm
swift,8,swift
swing,27,swing
swing-gui,10,swipe
swipe,15,
swipe-gestures,5,
swipe-to-dismiss,5,
swiperecyclerview,3,
swiperefreshlayout,5,
swipeview,3,
switch,8,
switch-control,3,
switcher,3,
sync,7,sync
synchronization,11,
syntax-highlighting,4,
syslog,5,
tab,5,
tablayout,22,
table,5,
tablet,5,
tabs,8,
tag,3,
tagging,3,
tags,5,
taobao,3,taobao
task,6,task
task-manager,5,
task-scheduler,6,
tasker,3,
tasks,3,
tcp,12,tcp
tcp-client,4,
tcp-ip,3,
tcp-server,4,
tcp-socket,4,
tdd,34,tdd
tdd-kata,3,
teamcity,17,teamcity
teamcity-plugin,7,telegram
telegram,24,
telegram-api,4,
telegram-bot,17,
telegram-bot-api,3,
telemetry,3,telemetry
temperature,7,tensorflow
template,9,tesseract
templates,4,
tensorflow,19,
tensorflow-tutorials,3,
terminal,3,
termux,3,termux
tesseract,5,
tesseract-ocr,7,
test-automation,22,
test-driven-development,7,
test-framework,7,
test-runner,5,
testautomation,3,
testcontainers,4,
testing,89,
testing-tools,18,
testng,29,
testng-reports,3,
tetris,3,tetris
text,8,
text-classification,3,text-mining
text-editor,4,text-classification
text-mining,4,
text-processing,5,
text-to-speech,11,text-to-speech
textinputlayout,6,
textview,33,
tf-idf,3,tf-idf
theme,12,
themoviedb,7,themoviedb
themoviedb-api,5,
therefactory,3,
thermal-printer,3,
thesis,5,
thread,21,
thread-pool,4,
threading,7,
threadpool,3,threadpool
threads,7,
thrift,13,thrift
thymeleaf,59,thymeleaf
tibco,4,tibco
tic-tac-toe,7,
tictactoe,6,
tika,3,
tiles,4,
timber,14,timber
time,19,
time-series,6,
time-tracker,4,
timeline,4,
timer,13,timer
timeseries,6,
timetable,5,
timezone,3,
tinker,10,tinker
tinkerpatch,4,
tinylog,3,
tls,5,
tmdb,12,tmdb
tmdb-api,11,toast
toast,20,todo
todo,17,
todoapp,9,
todolist,21,
toggle-buttons,6,
toggle-switches,4,
token,3,
tokenizer,3,
tomcat,55,tomcat
tomcat-server,4,
tomcat8,5,
tool,24,
toolbar,14,
toolbox,3,
toolkit,5,
tools,13,
topic-modeling,4,topic-modeling
topics,4,
topology,3,topology
torch,4,torch
torrent,4,torrent
totp,5,
touch,6,
tour,3,
tourism,3,
toy-project,3,
trace,4,
tracing,5,
tracker,8,track
tracking,12,
trading,4,
train,5,
training,17,
training-materials,7,
transaction,8,
transfer,3,
transform,4,
transformations,6,
transformer,5,
transition,14,transition
transition-animation,6,
transitions,4,
translation,20,translation
translator,4,
transmission,3,
transport,4,
transportation,3,
travel,8,
travis,3,travis
travis-ci,27,
travny,3,travny
tree,5,
trie,4,trie
trip,3,
tts,5,tts
turbine,4,turbine
tv,7,
tweets,6,tweets
twilio,8,twilio
twilio-sms-api,3,
twitch,4,
twitter,45,twitter
twitter-api,6,
twitter-bot,6,
twitter-client,3,
twitter-streaming-api,7,
twitter4j,6,
two-factor-authentication,4,
type-checked,3,type-checked
typeface,3,
typescript,16,typescript
tyrus,5,tyrus
udacity,122,udacity
udacity-android,12,
udacity-android-basics-nanodegree,5,
udacity-android-nanodegree,85,
udacity-course,9,
udacity-nanodegree,50,
udf,10,udf
udp,14,udp
udp-server,3,
ui,66,ui-design
ui-components,15,
ui-concept,4,
ui-design,8,
ui-testing,3,ui-testing
ui-widget,4,ui-widget
uiautomator,4,uiautomator
uima,3,uima
uiview,3,
umeng,3,umeng
uml,4,uml
undertow,13,undertow
unit-test,5,unit-test
unit-testing,40,
unittest,18,
unittesting,4,
unity,3,
unity3d,3,
unity3d-plugin,3,
unofficial,3,
unsplash,3,unsplash
unsupervised-learning,7,unsupervised-learning
updater,4,
upload,11,upload
upload-file,4,
uploader,3,
upnp,3,upnp
uri,5,uri
usb,3,usb
user-agent,4,
user-interface,4,
usgs,3,usgs
util,10,utility
utilities,15,
utility,26,
utility-library,15,
utils,43,
ux,5,
vaadin,31,vaadin
vaadin-addon,8,
vaadin-cdi-addon,3,
vaadin-framework,4,
vaadin8,6,
validation,15,validation
vanilla-music-player,3,
vault,4,vault
vavr,3,vavr
vector,6,
vector-drawable,6,
vehicle,4,
velocity,5,velocity
verify,4,vertx
version,3,
versioning,6,
vertx,62,
vertx-web,6,
video,56,
video-game,3,video-game
video-player,13,video-player
video-processing,4,video-processing
video-recording,5,video-recording
videoplayer,4,
videoview,3,
view,102,
viewdraghelper,3,
viewer,4,
viewgroup,11,
viewholder,17,
viewmodel,8,
viewpager,67,
viewpager-indicator,11,
viewpagerindicator,5,
views,9,
villager,3,
viper,8,viper
virtual-reality,4,virtual-reality
vision,7,vision
vision-api,7,
visual,4,
visualization,13,visualization
visualizer,3,vk
vitamio,4,voice
vk,4,
vk-api,4,
voice,13,
voice-recognition,6,
voip,6,
volley,51,volley
volley-api,13,
volley-library,5,
vote,4,
voucher,3,voucher
vpack,3,vpack
vpn,4,vpn
vr,8,
vuejs2,3,
vulnerabilities,3,
w3c,3,
wallet,9,
wallpaper,14,wallpaper
wallpapers,3,
war,4,
warc,4,
watch,5,
watchface,9,watchface
watson,4,watson
wcm-io,4,
wear,6,
wear-api,3,
wearable,9,wearable
wearable-devices,5,
weather,38,weather
weather-api,8,
weather-app,21,
weather-information,3,
weather-station,3,
web-app,7,
web-application,15,
web-archiving,5,
web-crawler,5,
web-framework,3,
web-mvc,4,
web-scraping,4,
web-service,4,
web-services,11,
web3j,8,web3j
webapi,3,webcrawler
webapp,37,
webarchive,3,
webcrawler,4,
webdriver,12,
webdrivermanager,3,
webflux,5,webflux
webhook,8,webhook
webmagic,3,webmagic
webpack,3,webpack
webpack2,7,
webrtc,11,webrtc
webserver,4,
webservice,25,
webservices,13,
websocket,45,
websocket-client,3,
websocket-server,3,
websockets,15,
websphere-liberty,3,
webview,40,
webviewjavascriptbridge,3,
wechat,18,wechat
wechat-sdk,4,wechatpay
wechatpay,3,
week,3,
weex,10,
weibo,3,weibo
weixin,10,weixin
weixin-sdk,4,weka
weka,7,whatsapp
weld,3,
whatsapp,6,
wheel,4,wheel
wheelview,4,
wicket,8,
widget,40,
widgets,7,
wifi,25,wifi
wifi-direct,10,
wifi-hotspot,3,
wifi-network,3,
wildfly,27,wildfly
wildfly-swarm,8,
wip,5,wip
wiremock,5,wiremock
with,3,
women-safety,3,
word-embeddings,5,word-embeddings
work-in-progress,5,
workflow,3,
workshop,12,
worldedit,3,
worldguard,5,
wpilib,3,
wrapper,17,
writer,4,
wsdl,5,wsdl
wtfpl,4,wtfpl
wxpay,5,wxpay
xamarin,4,xamarin
xchange,3,xchange
xiaomi,4,xiaomi
xlog,3,xlog
xls,3,xls
xml,144,xml
xml-parser,9,
xml-schema,3,
xml-serialization,5,
xmpp,10,
xnity,3,
xpath,6,xpath
xposed,21,xposed
xposed-framework,5,xquery
xquery,4,xsd
xsd,4,xslt
xslt,3,xunit
xunit,3,
xyz-reader,4,
yahoo-finance-api,5,
yaml,12,yaml
yaml-configuration,3,yandex
yandex,6,yarn
yandex-translate,4,yelp
yandex-translation-api,6,
yarn,10,
yelp,4,
yelp-api,4,
yml,5,yml
ymp,5,youtube
youtube,24,
youtube-api,14,
youtube-api-v3,5,
youtube-dl,5,
youtube-player,3,
youtube-video,3,
zappos,5,zappos
zhihu,12,zhihu
zip,6,zip
zipkin,7,zipkin
zookeeper,26,zookeeper
zoom,6,zoom
zoomable-images,3,zuul
zuul,14,zxing
zxing,21,
